5L59Q9A9,02-01-2019 06:10:49,5LUKEEAP,20-11-2018 08:48:43,EUR/USD （標準） ,-,BUY,1,1.144,1.14901,USD,"5,455",-4745.00,0.00,0.00,0.00,0.00,-,0.00,710
8TAXHWA6,02-01-2019 20:03:20,8R76TAAG,02-01-2019 17:46:11,USD/JPY （標準） ,-,SELL,1,109.402,109.096,JPY,"3,060",0.00,0.00,0.00,0.00,0.00,-,0.00,"3,060"
8SXWTKA6,02-01-2019 21:33:14,8R85F5AY,02-01-2019 16:19:15,AUD/JPY （標準） ,-,SELL,1,76.602,76.301,JPY,"3,010",0.00,0.00,0.00,0.00,0.00,-,0.00,"3,010"
8SHR32A6,02-01-2019 21:33:20,8R82VMAU,02-01-2019 15:06:21,GBP/JPY （標準） ,-,SELL,1,138.004,137.482,JPY,"5,220",0.00,0.00,0.00,0.00,0.00,-,0.00,"5,220"
7BGKHQA5,02-01-2019 22:47:22,7AWYHGAS,12-12-2018 08:23:44,GBP/USD （標準） ,-,SELL,1,1.25322,1.246,USD,"7,658",1404.00,0.00,0.00,0.00,0.00,-,0.00,"9,062"
8WTGE9AW,03-01-2019 15:34:11,8R8QTWAV,02-01-2019 14:25:17,EUR/USD （標準） ,-,BUY,1,1.13715,1.13969,USD,"2,727",-315.00,0.00,0.00,0.00,0.00,-,0.00,"2,412"
8XA7BHA6,03-01-2019 18:19:45,8WVNBZAZ,03-01-2019 16:48:48,AUD/JPY （標準） ,-,SELL,1,76.001,75.497,JPY,"5,040",0.00,0.00,0.00,0.00,0.00,-,0.00,"5,040"
8XACU4A6,03-01-2019 20:07:24,8WS9X7AG,03-01-2019 16:48:31,USD/JPY （標準） ,-,SELL,1,108.201,107.599,JPY,"6,020",0.00,0.00,0.00,0.00,0.00,-,0.00,"6,020"
8W9AMCA6,03-01-2019 20:07:53,8WT8TFAY,03-01-2019 16:44:08,USD/JPY （標準） ,-,SELL,1,108.005,107.501,JPY,"5,040",0.00,0.00,0.00,0.00,0.00,-,0.00,"5,040"
9C3Y63AP,09-01-2019 14:21:47,88E5XGAZ,08-01-2019 13:50:53,EUR/USD （標準） ,-,BUY,1,1.143,1.14692,USD,"4,247",-110.00,0.00,0.00,0.00,0.00,-,0.00,"4,137"
9C34DUA8,09-01-2019 14:22:01,8472NXAZ,08-01-2019 07:17:21,USD/JPY （標準） ,-,SELL,1,109.0,108.656,JPY,"3,440",-93.00,0.00,0.00,0.00,0.00,-,0.00,"3,347"
8Z9XKWA6,10-01-2019 06:49:56,8WTZTWA9,04-01-2019 14:23:06,USD/JPY （標準） ,-,SELL,1,108.5,107.797,JPY,"7,030",-629.00,0.00,0.00,0.00,0.00,-,0.00,"6,401"
9K726NAJ,11-01-2019 15:19:15,9BJHLLAR,09-01-2019 15:16:34,GBP/USD （標準） ,-,SELL,1,1.28,1.27925,USD,811,243.00,0.00,0.00,0.00,0.00,-,0.00,"1,054"
9QTFCQA7,15-01-2019 09:12:44,9QTCVVA9,15-01-2019 05:22:01,EUR/JPY （標準） ,-,SELL,1,124.805,124.302,JPY,"5,030",0.00,0.00,0.00,0.00,0.00,-,0.00,"5,030"
9QVRRGA7,15-01-2019 10:46:12,9QTCXDA9,15-01-2019 05:56:46,GBP/JPY （標準） ,-,SELL,1,140.402,139.4,JPY,"10,020",0.00,0.00,0.00,0.00,0.00,-,0.00,"10,020"
9QTE5CA7,15-01-2019 16:03:32,9QSKYLAV,15-01-2019 05:17:04,GBP/USD （標準） ,-,SELL,1,1.29002,1.27998,USD,"10,865",0.00,0.00,0.00,0.00,0.00,-,0.00,"10,865"
86AYAPA6,15-01-2019 19:39:44,8WUL5BAL,07-01-2019 13:23:22,EUR/JPY （標準） ,-,SELL,1,124.001,123.401,JPY,"6,000",-34.00,0.00,0.00,0.00,0.00,-,0.00,"5,966"
94FNMFAT,18-01-2019 16:48:36,9T2EPLAV,17-01-2019 17:17:28,GBP/USD （標準） ,-,SELL,1,1.29503,1.29001,USD,"5,494",0.00,0.00,0.00,0.00,0.00,-,0.00,"5,494"
94FE99AZ,18-01-2019 16:48:52,9T3DXFAP,17-01-2019 19:41:33,AUD/JPY （標準） ,-,SELL,1,78.804,78.757,JPY,470,0.00,0.00,0.00,0.00,0.00,-,0.00,470
97SVXDBB,22-01-2019 04:53:46,9QR7B5AU,15-01-2019 08:05:38,AUD/JPY （標準） ,-,SELL,1,78.501,78.126,JPY,"3,750",-451.00,0.00,0.00,0.00,0.00,-,0.00,"3,299"
4KDYNDA6,25-01-2019 16:08:43,4KEQKBAT,07-11-2018 01:03:34,GBP/USD （標準） ,-,BUY,1,1.31259,1.3176,USD,"5,477",-6337.00,0.00,0.00,0.00,0.00,-,0.00,-860
AVBMN8AN,30-01-2019 22:21:17,9QSMGHAZ,18-01-2019 04:25:53,USD/JPY （標準） ,-,SELL,1,109.402,109.013,JPY,"3,890",-1222.00,0.00,0.00,0.00,0.00,-,0.00,"2,668"
AWEE27BC,31-01-2019 09:36:17,9QRPLGAK,17-01-2019 19:44:56,USD/JPY （標準） ,-,SELL,1,109.202,108.616,JPY,"5,860",-1222.00,0.00,0.00,0.00,0.00,-,0.00,"4,638"
AWEAHUAY,31-01-2019 09:36:23,9QR56YAG,16-01-2019 20:04:00,USD/JPY （標準） ,-,SELL,1,109.015,108.614,JPY,"4,010",-1591.00,0.00,0.00,0.00,0.00,-,0.00,"2,419"
AWEFWMAP,31-01-2019 09:36:29,9QSMFGAZ,16-01-2019 11:00:56,USD/JPY （標準） ,-,SELL,1,108.802,108.616,JPY,"1,860",-1591.00,0.00,0.00,0.00,0.00,-,0.00,269
AYZBYSAR,01-02-2019 05:39:23,AD2AZKAV,24-01-2019 23:47:53,GBP/USD （標準） ,-,SELL,1,1.31003,1.30986,USD,185,434.00,0.00,0.00,0.00,0.00,-,0.00,619
A6TXJKA6,05-02-2019 03:41:01,AY2QDFA2,01-02-2019 06:59:35,AUD/USD （標準） ,-,BUY,1,0.72431,0.72472,USD,450,-46.00,0.00,0.00,0.00,0.00,-,0.00,404
BBZFYPA8,06-02-2019 23:50:55,ADZR7SBB,25-01-2019 13:21:00,AUD/JPY （標準） ,-,SELL,1,78.3,78.193,JPY,"1,070",-778.00,0.00,0.00,0.00,0.00,-,0.00,292
BFJAWJA2,07-02-2019 22:48:31,AD3J6YAR,25-01-2019 11:59:48,EUR/JPY （標準） ,-,SELL,1,124.6,124.537,JPY,630,-22.00,0.00,0.00,0.00,0.00,-,0.00,608
BFJWR4AY,07-02-2019 22:48:35,A8KXYMAR,05-02-2019 15:51:15,GBP/USD （標準） ,-,BUY,1,1.29455,1.29499,USD,482,-404.00,0.00,0.00,0.00,0.00,-,0.00,78
BPTSS2A9,12-02-2019 16:57:09,A9Q23TBC,06-02-2019 05:38:05,GBP/JPY （標準） ,-,BUY,1,142.215,142.428,JPY,"2,130",157.00,0.00,0.00,0.00,0.00,-,0.00,"2,287"
BQCP2AAZ,12-02-2019 23:09:21,A9QH4WA4,06-02-2019 05:35:10,EUR/JPY （標準） ,-,BUY,1,125.132,125.18,JPY,480,-153.00,0.00,0.00,0.00,0.00,-,0.00,327
B5JXYABC,19-02-2019 12:47:19,B2EL6SAH,18-02-2019 12:56:07,AUD/USD （標準） ,-,SELL,1,0.716,0.71089,USD,"5,644",3.00,0.00,0.00,0.00,0.00,-,0.00,"5,647"
B5HQTCA7,19-02-2019 12:47:38,B2E9GSAL,18-02-2019 03:53:18,EUR/JPY （標準） ,-,SELL,1,125.081,124.994,JPY,870,-3.00,0.00,0.00,0.00,0.00,-,0.00,867
B5HQTCA7,19-02-2019 12:47:38,B2EQ7YA3,18-02-2019 10:40:46,EUR/JPY （標準） ,-,SELL,1,125.2,124.994,JPY,"2,060",-3.00,0.00,0.00,0.00,0.00,-,0.00,"2,057"
B5HP8TAG,19-02-2019 12:47:51,B2ESB5AG,18-02-2019 03:54:57,EUR/USD （標準） ,-,SELL,1,1.132,1.12835,USD,"4,031",92.00,0.00,0.00,0.00,0.00,-,0.00,"4,123"
CAMDBXBD,21-02-2019 06:16:26,B6BEY8AJ,19-02-2019 16:27:34,AUD/USD （標準） ,-,SELL,1,0.71443,0.70973,USD,"5,189",29.00,0.00,0.00,0.00,0.00,-,0.00,"5,218"
CAMW2MAM,21-02-2019 06:16:40,B6B7C5A8,19-02-2019 16:30:14,AUD/JPY （標準） ,-,SELL,1,79.057,78.604,JPY,"4,530",-201.00,0.00,0.00,0.00,0.00,-,0.00,"4,329"
CAMVSWA2,21-02-2019 06:16:43,B2EHFHBD,19-02-2019 17:27:45,AUD/JPY （標準） ,-,SELL,1,79.201,78.603,JPY,"5,980",-201.00,0.00,0.00,0.00,0.00,-,0.00,"5,779"
CGZDT2AQ,25-02-2019 06:01:45,B2EBHWAM,19-02-2019 08:54:27,USD/JPY （標準） ,-,SELL,1,110.8,110.627,JPY,"1,730",-543.00,0.00,0.00,0.00,0.00,-,0.00,"1,187"
CGYWPJAJ,25-02-2019 06:01:49,CDEMZUAQ,22-02-2019 04:48:09,USD/JPY （標準） ,-,SELL,1,110.806,110.627,JPY,"1,790",-96.00,0.00,0.00,0.00,0.00,-,0.00,"1,694"
CGYP3MAH,25-02-2019 06:02:36,CDFQT7AP,22-02-2019 12:57:06,GBP/JPY （標準） ,-,BUY,1,143.998,144.57,JPY,"5,720",23.00,0.00,0.00,0.00,0.00,-,0.00,"5,743"
CJAJE8AL,25-02-2019 14:42:48,A9QYBFBB,06-02-2019 05:41:38,AUD/USD （標準） ,-,BUY,1,0.71542,0.71816,USD,"3,027",-469.00,0.00,0.00,0.00,0.00,-,0.00,"2,558"
CLFXQSAV,26-02-2019 09:16:37,A6W68TA2,05-02-2019 05:48:43,EUR/JPY （標準） ,-,BUY,1,125.614,125.918,JPY,"3,040",-473.00,0.00,0.00,0.00,0.00,-,0.00,"2,567"
CMAPZVAS,26-02-2019 14:12:13,CGY6LYAU,25-02-2019 16:40:06,USD/JPY （標準） ,-,SELL,1,111.0,110.766,JPY,"2,340",-94.00,0.00,0.00,0.00,0.00,-,0.00,"2,246"
CN8X98A7,27-02-2019 06:44:00,CGXM7BBA,25-02-2019 13:25:15,USD/JPY （標準） ,-,SELL,1,110.8,110.464,JPY,"3,360",-189.00,0.00,0.00,0.00,0.00,-,0.00,"3,171"
CQVTT8AM,27-02-2019 15:38:14,CGYZFQAS,25-02-2019 06:11:19,AUD/USD （標準） ,-,SELL,1,0.71512,0.71342,USD,"1,878",16.00,0.00,0.00,0.00,0.00,-,0.00,"1,894"
CTQ6TWA5,28-02-2019 14:57:29,CRZDR6AJ,28-02-2019 08:10:20,GBP/JPY （標準） ,-,BUY,1,147.0,147.872,JPY,"8,720",0.00,0.00,0.00,0.00,0.00,-,0.00,"8,720"
CGX7XLA6,28-02-2019 15:54:19,CGZ4UZAQ,25-02-2019 06:12:33,EUR/JPY （標準） ,-,SELL,1,125.497,126.754,JPY,"-12,570",-6.00,0.00,0.00,0.00,0.00,-,0.00,"-12,576"
C63EZMAZ,05-03-2019 16:04:15,B6BN2AAM,19-02-2019 16:28:53,EUR/USD （標準） ,-,SELL,1,1.13301,1.12987,USD,"3,504",1319.00,0.00,0.00,0.00,0.00,-,0.00,"4,823"
C9XBQLAL,06-03-2019 16:21:53,CGYZETAS,25-02-2019 07:59:46,AUD/JPY （標準） ,-,SELL,1,79.2,78.459,JPY,"7,410",-440.00,0.00,0.00,0.00,0.00,-,0.00,"6,970"
DCNRDAAR,07-03-2019 14:37:30,C73937AN,06-03-2019 08:37:34,EUR/USD （標準） ,-,SELL,1,1.13101,1.12427,USD,"7,502",290.00,0.00,0.00,0.00,0.00,-,0.00,"7,792"
4Y98APA9,07-03-2019 19:39:27,4Y5MTLAN,13-11-2018 04:01:22,EUR/USD （標準） ,-,SELL,1,1.125,1.11982,USD,"5,760",10856.00,0.00,0.00,0.00,0.00,-,0.00,"16,616"
DD74ECA3,07-03-2019 22:21:12,B2EJF8AQ,19-02-2019 17:38:19,EUR/JPY （標準） ,-,SELL,1,125.501,124.919,JPY,"5,820",-34.00,0.00,0.00,0.00,0.00,-,0.00,"5,786"
DD7LLGA6,07-03-2019 22:21:18,DAYUKAAG,07-03-2019 04:45:58,AUD/USD （標準） ,-,SELL,1,0.705,0.70178,USD,"3,582",6.00,0.00,0.00,0.00,0.00,-,0.00,"3,588"
DD8MWGAY,07-03-2019 22:21:28,DAXQGEAL,07-03-2019 01:41:33,AUD/JPY （標準） ,-,SELL,1,78.565,78.322,JPY,"2,430",-52.00,0.00,0.00,0.00,0.00,-,0.00,"2,378"
DCPX28A6,08-03-2019 17:10:06,DAW9JQAZ,07-03-2019 14:42:48,GBP/USD （標準） ,-,BUY,1,1.30999,1.29989,USD,"-11,254",-85.00,0.00,0.00,0.00,0.00,-,0.00,"-11,339"
EBY5VJAT,21-03-2019 00:06:34,A92URUA6,06-02-2019 08:32:24,EUR/USD （標準） ,-,BUY,1,1.13922,1.14323,USD,"4,414",-5051.00,0.00,0.00,0.00,0.00,-,0.00,-637
EBYS9ZAN,21-03-2019 00:07:17,CMA7HRBB,27-02-2019 18:14:43,USD/JPY （標準） ,-,SELL,1,111.002,110.633,JPY,"3,690",-2201.00,0.00,0.00,0.00,0.00,-,0.00,"1,489"
EBZ5LNBB,21-03-2019 00:07:20,CRZLBXAT,28-02-2019 14:45:19,USD/JPY （標準） ,-,SELL,1,111.2,110.634,JPY,"5,660",-1934.00,0.00,0.00,0.00,0.00,-,0.00,"3,726"
EG5ZDDA7,22-03-2019 11:12:31,EDTT8FA5,21-03-2019 14:30:11,USD/JPY （標準） ,-,SELL,1,110.802,110.394,JPY,"4,080",-101.00,0.00,0.00,0.00,0.00,-,0.00,"3,979"
EP9BP7AQ,26-03-2019 03:50:06,ELUPZSAY,25-03-2019 09:06:51,USD/JPY （標準） ,-,SELL,1,110.2,110.048,JPY,"1,520",-96.00,0.00,0.00,0.00,0.00,-,0.00,"1,424"
ESR5BTAZ,26-03-2019 17:02:27,EDVHDWAL,21-03-2019 16:20:07,AUD/USD （標準） ,-,BUY,1,0.71,0.71427,USD,"4,695",-96.00,0.00,0.00,0.00,0.00,-,0.00,"4,599"
ESRG8GAY,26-03-2019 17:02:30,EFT3PQBB,22-03-2019 15:03:16,AUD/USD （標準） ,-,BUY,1,0.708,0.71428,USD,"6,906",-66.00,0.00,0.00,0.00,0.00,-,0.00,"6,840"
ESRK5KAM,26-03-2019 17:02:52,D8HR6TAZ,20-03-2019 12:23:03,GBP/USD （標準） ,-,BUY,1,1.31999,1.32169,USD,"1,869",-512.00,0.00,0.00,0.00,0.00,-,0.00,"1,357"
ETAS87AM,26-03-2019 23:02:10,ELT9C6AV,25-03-2019 09:00:58,EUR/USD （標準） ,-,SELL,1,1.132,1.1275,USD,"4,949",191.00,0.00,0.00,0.00,0.00,-,0.00,"5,140"
EW3L2JA3,27-03-2019 22:58:40,EP88SCAJ,26-03-2019 09:23:56,EUR/JPY （標準） ,-,SELL,1,124.702,124.288,JPY,"4,140",-81.00,0.00,0.00,0.00,0.00,-,0.00,"4,059"
EW2BTTAV,27-03-2019 22:58:45,ELTZV5A8,25-03-2019 08:41:33,EUR/JPY （標準） ,-,SELL,1,124.602,124.288,JPY,"3,140",-85.00,0.00,0.00,0.00,0.00,-,0.00,"3,055"
EX3REMA9,28-03-2019 08:59:19,DJQY9SBA,11-03-2019 14:04:47,AUD/JPY （標準） ,-,SELL,1,78.5,78.196,JPY,"3,040",-1113.00,0.00,0.00,0.00,0.00,-,0.00,"1,927"
EX3S39BB,28-03-2019 08:59:29,ELT4R3AJ,25-03-2019 05:24:46,EUR/JPY （標準） ,-,SELL,1,124.4,124.089,JPY,"3,110",-85.00,0.00,0.00,0.00,0.00,-,0.00,"3,025"
EYQ5RAA8,28-03-2019 12:19:12,EW935MA2,28-03-2019 09:18:04,EUR/JPY （標準） ,-,SELL,1,124.201,123.897,JPY,"3,040",0.00,0.00,0.00,0.00,0.00,-,0.00,"3,040"
E2DFN3A7,28-03-2019 22:38:36,DJQC6XA7,11-03-2019 07:58:08,EUR/USD （標準） ,-,SELL,1,1.125,1.12287,USD,"2,345",2031.00,0.00,0.00,0.00,0.00,-,0.00,"4,376"
E2DB4NAL,28-03-2019 22:39:19,DJQJM6AJ,11-03-2019 12:49:49,GBP/JPY （標準） ,-,SELL,1,145.029,144.44,JPY,"5,890",-1122.00,0.00,0.00,0.00,0.00,-,0.00,"4,768"
E2DT2KAH,28-03-2019 22:39:27,ETBQZQA2,27-03-2019 14:41:30,EUR/JPY （標準） ,-,BUY,1,124.2,124.253,JPY,530,-1.00,0.00,0.00,0.00,0.00,-,0.00,529
E2DB5WAL,28-03-2019 22:40:01,EXAPCZA9,28-03-2019 05:14:39,AUD/USD （標準） ,-,SELL,1,0.71,0.70805,USD,"2,147",7.00,0.00,0.00,0.00,0.00,-,0.00,"2,154"
E47YMXBD,29-03-2019 17:02:06,DJRKHQBB,11-03-2019 12:49:49,GBP/USD （標準） ,-,SELL,1,1.30522,1.3,USD,"5,756",1303.00,0.00,0.00,0.00,0.00,-,0.00,"7,059"
E48LGPA8,29-03-2019 17:02:26,E2HVD4BA,29-03-2019 14:43:44,GBP/USD （標準） ,-,BUY,1,1.29998,1.30017,USD,210,0.00,0.00,0.00,0.00,0.00,-,0.00,210
E93986A5,02-04-2019 01:09:54,ETBNZNA6,27-03-2019 00:51:00,EUR/JPY （標準） ,-,BUY,1,124.4,124.839,JPY,"4,390",-56.00,0.00,0.00,0.00,0.00,-,0.00,"4,334"
FCCSTVAN,02-04-2019 16:56:25,DEDUZBAV,08-03-2019 11:29:24,EUR/USD （標準） ,-,SELL,1,1.12201,1.11875,USD,"3,611",2317.00,0.00,0.00,0.00,0.00,-,0.00,"5,928"
FCDES4AJ,02-04-2019 16:56:28,E95ERSAY,02-04-2019 01:20:46,EUR/USD （標準） ,-,SELL,1,1.12075,1.11876,USD,"2,204",0.00,0.00,0.00,0.00,0.00,-,0.00,"2,204"
FDFMU2AH,03-04-2019 05:07:12,E95SP5BC,02-04-2019 16:04:14,EUR/JPY （標準） ,-,BUY,1,124.499,125.107,JPY,"6,080",-29.00,0.00,0.00,0.00,0.00,-,0.00,"6,051"
FDRMQWAN,03-04-2019 08:07:49,E94338A7,02-04-2019 04:31:20,AUD/JPY （標準） ,-,BUY,1,78.995,79.372,JPY,"3,770",32.00,0.00,0.00,0.00,0.00,-,0.00,"3,802"
FF95L8AU,03-04-2019 23:44:16,FC9KYBAL,03-04-2019 10:21:32,EUR/USD （標準） ,-,SELL,1,1.12504,1.12411,USD,"1,031",300.00,0.00,0.00,0.00,0.00,-,0.00,"1,331"
FJ6HDBAS,04-04-2019 23:40:35,FGAH22AY,04-04-2019 13:11:30,EUR/JPY （標準） ,-,BUY,1,124.999,125.27,JPY,"2,710",-26.00,0.00,0.00,0.00,0.00,-,0.00,"2,684"
FQ4W8GAW,09-04-2019 02:23:09,ETBKLXA7,27-03-2019 01:00:37,AUD/USD （標準） ,-,BUY,1,0.71198,0.71219,USD,233,-376.00,0.00,0.00,0.00,0.00,-,0.00,-143
FQ4W8GAW,09-04-2019 02:23:09,ETB68SA5,27-03-2019 04:13:39,AUD/USD （標準） ,-,BUY,1,0.70999,0.71219,USD,"2,437",-376.00,0.00,0.00,0.00,0.00,-,0.00,"2,061"
FWJNR8AU,11-04-2019 00:08:43,FTTQ5FAQ,10-04-2019 04:04:14,AUD/USD （標準） ,-,BUY,1,0.711,0.71684,USD,"6,446",-74.00,0.00,0.00,0.00,0.00,-,0.00,"6,372"
FYJJHNAU,11-04-2019 15:38:05,FTTGYTAU,10-04-2019 14:06:52,EUR/JPY （標準） ,-,BUY,1,124.996,125.575,JPY,"5,790",-58.00,0.00,0.00,0.00,0.00,-,0.00,"5,732"
FYJRU2AJ,11-04-2019 15:38:14,FQ4B5QAX,09-04-2019 14:33:42,EUR/JPY （標準） ,-,BUY,1,125.2,125.574,JPY,"3,740",-80.00,0.00,0.00,0.00,0.00,-,0.00,"3,660"
FZDJWHA9,12-04-2019 00:29:07,FTTRZDA5,10-04-2019 12:32:43,GBP/USD （標準） ,-,SELL,1,1.31007,1.30613,USD,"4,375",250.00,0.00,0.00,0.00,0.00,-,0.00,"4,625"
F3LZDDAR,12-04-2019 16:01:10,FWQQNXAZ,11-04-2019 13:35:52,AUD/USD （標準） ,-,BUY,1,0.714,0.71778,USD,"4,211",-31.00,0.00,0.00,0.00,0.00,-,0.00,"4,180"
F3LX52AY,12-04-2019 16:01:13,FWP528AJ,11-04-2019 18:29:27,AUD/USD （標準） ,-,BUY,1,0.712,0.71782,USD,"6,484",-31.00,0.00,0.00,0.00,0.00,-,0.00,"6,453"
F44WPYAY,15-04-2019 03:32:03,FZDUV6AR,12-04-2019 12:46:33,GBP/USD （標準） ,-,SELL,1,1.31,1.30977,USD,256,60.00,0.00,0.00,0.00,0.00,-,0.00,316
GC2ZL4AP,18-04-2019 02:33:08,F68RMZAZ,16-04-2019 02:30:05,AUD/USD （標準） ,-,BUY,1,0.71599,0.71897,USD,"3,319",-149.00,0.00,0.00,0.00,0.00,-,0.00,"3,170"
GC2ZL4AP,18-04-2019 02:33:08,F44SASAV,15-04-2019 03:34:00,AUD/USD （標準） ,-,BUY,1,0.71757,0.71897,USD,"1,559",-179.00,0.00,0.00,0.00,0.00,-,0.00,"1,380"
GC2MJ3AS,18-04-2019 02:33:27,F44WQJAY,15-04-2019 07:00:06,AUD/JPY （標準） ,-,BUY,1,80.192,80.46,JPY,"2,680",243.00,0.00,0.00,0.00,0.00,-,0.00,"2,923"
GKZBLRA6,23-04-2019 17:07:18,FNKUBYA5,08-04-2019 12:15:14,EUR/USD （標準） ,-,SELL,1,1.125,1.12139,USD,"4,018",1496.00,0.00,0.00,0.00,0.00,-,0.00,"5,514"
GK2CXLAM,23-04-2019 17:07:40,FC8MBVAH,03-04-2019 08:44:52,EUR/USD （標準） ,-,SELL,1,1.12301,1.1214,USD,"1,792",1982.00,0.00,0.00,0.00,0.00,-,0.00,"3,774"
GPRTLCA5,25-04-2019 04:27:38,DJQTE3BC,11-03-2019 07:53:36,AUD/USD （標準） ,-,SELL,1,0.705,0.70217,USD,"3,153",339.00,0.00,0.00,0.00,0.00,-,0.00,"3,492"
HA6YBYA8,03-05-2019 16:24:01,GSNFVPBA,26-04-2019 02:07:12,AUD/JPY （標準） ,-,SELL,1,78.276,78.075,JPY,"2,010",0.00,0.00,0.00,0.00,0.00,-,0.00,"2,010"
HQMNJ2A4,08-05-2019 23:56:49,EXAU2EAX,28-03-2019 02:22:47,EUR/JPY （標準） ,-,SELL,1,124.0,123.243,JPY,"7,570",5.00,0.00,0.00,0.00,0.00,-,0.00,"7,575"
HQMNJ2A4,08-05-2019 23:56:49,EYRBZ4A9,28-03-2019 13:08:22,EUR/JPY （標準） ,-,SELL,1,124.202,123.243,JPY,"9,590",5.00,0.00,0.00,0.00,0.00,-,0.00,"9,595"
HQMNJ2A4,08-05-2019 23:56:49,EYRZ4KBC,28-03-2019 12:47:00,EUR/JPY （標準） ,-,SELL,1,124.0,123.243,JPY,"7,570",5.00,0.00,0.00,0.00,0.00,-,0.00,"7,575"
HQLD66AZ,08-05-2019 23:56:58,GSPHHDBD,26-04-2019 02:16:36,AUD/USD （標準） ,-,SELL,1,0.70201,0.69946,USD,"2,793",105.00,0.00,0.00,0.00,0.00,-,0.00,"2,898"
HQLD66AZ,08-05-2019 23:56:58,DEECHUAP,08-03-2019 02:16:26,AUD/USD （標準） ,-,SELL,1,0.70202,0.69946,USD,"2,803",454.00,0.00,0.00,0.00,0.00,-,0.00,"3,257"
HQMA4WAS,08-05-2019 23:57:08,ELT9BKAV,25-03-2019 07:07:47,AUD/JPY （標準） ,-,SELL,1,78.0,76.986,JPY,"10,140",-2594.00,0.00,0.00,0.00,0.00,-,0.00,"7,546"
HQLXHNAW,08-05-2019 23:57:29,E2HDYVBB,29-03-2019 14:44:26,GBP/JPY （標準） ,-,SELL,1,143.993,143.216,JPY,"7,770",-1968.00,0.00,0.00,0.00,0.00,-,0.00,"5,802"
HQLKZTBB,08-05-2019 23:57:43,EP9ATZAM,26-03-2019 09:29:24,USD/JPY （標準） ,-,SELL,1,110.41,110.065,JPY,"3,450",-4511.00,0.00,0.00,0.00,0.00,-,0.00,"-1,061"
83CAZZA6,13-05-2019 14:37:11,8WVMHRA6,04-01-2019 16:47:03,AUD/JPY （標準） ,-,SELL,1,77.0,75.999,JPY,"10,010",-6981.00,0.00,0.00,0.00,0.00,-,0.00,"3,029"
82QVAEA6,13-05-2019 14:37:11,8WWB84AU,04-01-2019 15:22:57,AUD/JPY （標準） ,-,SELL,1,76.5,75.999,JPY,"5,010",-6981.00,0.00,0.00,0.00,0.00,-,0.00,"-1,971"
H4XDC9AG,13-05-2019 15:14:26,HVRRXNBA,10-05-2019 07:33:42,AUD/JPY （標準） ,-,SELL,1,76.8,75.963,JPY,"8,370",-46.00,0.00,0.00,0.00,0.00,-,0.00,"8,324"
H4XDC9AG,13-05-2019 15:14:26,HVQ7BCAQ,10-05-2019 20:17:09,AUD/JPY （標準） ,-,SELL,1,77.0,75.963,JPY,"10,370",-46.00,0.00,0.00,0.00,0.00,-,0.00,"10,324"
H4XDC9AG,13-05-2019 15:14:26,8WVV6AA9,04-01-2019 15:22:57,AUD/JPY （標準） ,-,SELL,1,76.5,75.963,JPY,"5,370",-6981.00,0.00,0.00,0.00,0.00,-,0.00,"-1,611"
H4X2QBA2,13-05-2019 15:14:41,ELTXZTA7,25-03-2019 04:55:29,USD/JPY （標準） ,-,SELL,1,110.002,109.09,JPY,"9,120",-4790.00,0.00,0.00,0.00,0.00,-,0.00,"4,330"
H4XJE9AH,13-05-2019 15:14:45,EP9XWGA2,26-03-2019 09:07:29,USD/JPY （標準） ,-,SELL,1,110.2,109.095,JPY,"11,050",-4694.00,0.00,0.00,0.00,0.00,-,0.00,"6,356"
H4XDGAAG,13-05-2019 15:14:48,HQRTZMBC,09-05-2019 02:10:48,USD/JPY （標準） ,-,SELL,1,110.0,109.101,JPY,"8,990",-183.00,0.00,0.00,0.00,0.00,-,0.00,"8,807"
H4XWJQAZ,13-05-2019 15:15:03,HVRJ6NAS,10-05-2019 08:01:42,EUR/JPY （標準） ,-,SELL,1,123.3,122.829,JPY,"4,710",-2.00,0.00,0.00,0.00,0.00,-,0.00,"4,708"
H4XWJQAZ,13-05-2019 15:15:03,HVRPWYA7,10-05-2019 06:08:22,EUR/JPY （標準） ,-,SELL,1,123.1,122.829,JPY,"2,710",-2.00,0.00,0.00,0.00,0.00,-,0.00,"2,708"
H4XWJQAZ,13-05-2019 15:15:03,HQSNHYBB,09-05-2019 14:58:27,EUR/JPY （標準） ,-,SELL,1,123.2,122.829,JPY,"3,710",-4.00,0.00,0.00,0.00,0.00,-,0.00,"3,706"
H4X9GLBC,13-05-2019 15:15:14,HVQ7KZAQ,10-05-2019 08:02:27,AUD/USD （標準） ,-,SELL,1,0.7,0.69638,USD,"3,930",7.00,0.00,0.00,0.00,0.00,-,0.00,"3,937"
H63SDZBC,14-05-2019 02:03:17,HVQ6QAAJ,10-05-2019 08:01:46,GBP/JPY （標準） ,-,SELL,1,143.0,141.849,JPY,"11,510",-105.00,0.00,0.00,0.00,0.00,-,0.00,"11,405"
JAMQTXA2,15-05-2019 01:50:48,H3N2K6A5,13-05-2019 11:48:47,AUD/USD （標準） ,-,SELL,1,0.69765,0.69285,USD,"5,232",14.00,0.00,0.00,0.00,0.00,-,0.00,"5,246"
JAMM98BD,15-05-2019 01:50:51,H63QTWAQ,14-05-2019 04:33:03,EUR/JPY （標準） ,-,SELL,1,123.2,122.743,JPY,"4,570",-1.00,0.00,0.00,0.00,0.00,-,0.00,"4,569"
JAMM98BD,15-05-2019 01:50:51,H63F53AY,14-05-2019 02:32:09,EUR/JPY （標準） ,-,SELL,1,123.0,122.743,JPY,"2,570",-1.00,0.00,0.00,0.00,0.00,-,0.00,"2,569"
JAMDC6AW,15-05-2019 01:50:55,H637GEBD,14-05-2019 02:39:40,AUD/JPY （標準） ,-,SELL,1,76.204,75.903,JPY,"3,010",-47.00,0.00,0.00,0.00,0.00,-,0.00,"2,963"
JET7BRAG,16-05-2019 04:25:48,JAM5RGA2,15-05-2019 02:21:59,USD/JPY （標準） ,-,SELL,1,109.6,109.516,JPY,840,-258.00,0.00,0.00,0.00,0.00,-,0.00,582
JH49N3BC,17-05-2019 00:13:39,GSNMQGAW,26-04-2019 02:09:11,GBP/USD （標準） ,-,SELL,1,1.28895,1.27965,USD,"10,165",1319.00,0.00,0.00,0.00,0.00,-,0.00,"11,484"
JH4SNTBD,17-05-2019 00:13:45,JAMHBNAK,15-05-2019 02:23:51,AUD/JPY （標準） ,-,SELL,1,76.0,75.703,JPY,"2,970",-177.00,0.00,0.00,0.00,0.00,-,0.00,"2,793"
JH4SNTBD,17-05-2019 00:13:45,JAMAR2A6,15-05-2019 01:54:38,AUD/JPY （標準） ,-,SELL,1,75.922,75.703,JPY,"2,190",-177.00,0.00,0.00,0.00,0.00,-,0.00,"2,013"
JH4SNTBD,17-05-2019 00:13:45,JET7DPAG,16-05-2019 11:28:43,AUD/JPY （標準） ,-,SELL,1,76.0,75.703,JPY,"2,970",-48.00,0.00,0.00,0.00,0.00,-,0.00,"2,922"
JH4EE3A5,17-05-2019 00:13:51,JAL37NA3,15-05-2019 01:56:53,EUR/JPY （標準） ,-,SELL,1,122.766,122.745,JPY,210,15.00,0.00,0.00,0.00,0.00,-,0.00,225
JH4EE3A5,17-05-2019 00:13:51,JAMVHZAH,15-05-2019 15:29:31,EUR/JPY （標準） ,-,SELL,1,123.0,122.745,JPY,"2,550",15.00,0.00,0.00,0.00,0.00,-,0.00,"2,565"
JH4NVDAG,17-05-2019 00:13:55,JEUKXXBC,16-05-2019 09:09:59,AUD/USD （標準） ,-,SELL,1,0.692,0.68913,USD,"3,137",7.00,0.00,0.00,0.00,0.00,-,0.00,"3,144"
JH4FH4A9,17-05-2019 00:14:28,HQSJULAP,09-05-2019 14:51:46,EUR/USD （標準） ,-,SELL,1,1.12204,1.11736,USD,"5,115",726.00,0.00,0.00,0.00,0.00,-,0.00,"5,841"
JH4XHYAQ,17-05-2019 00:14:32,HQSWDWBC,09-05-2019 07:23:23,EUR/USD （標準） ,-,SELL,1,1.12,1.11736,USD,"2,886",726.00,0.00,0.00,0.00,0.00,-,0.00,"3,612"
JL89JBAV,17-05-2019 17:38:06,9T2W2RAM,16-01-2019 20:19:04,GBP/JPY （標準） ,-,SELL,1,140.502,139.945,JPY,"5,570",-6004.00,0.00,0.00,0.00,0.00,-,0.00,-434
JY66E6AV,23-05-2019 02:17:07,JVTB2RBC,22-05-2019 03:14:13,EUR/JPY （標準） ,-,SELL,1,123.5,122.88,JPY,"6,200",10.00,0.00,0.00,0.00,0.00,-,0.00,"6,210"
JY7A7JAK,23-05-2019 02:17:12,JVTFTNAJ,22-05-2019 02:17:07,AUD/JPY （標準） ,-,SELL,1,76.0,75.719,JPY,"2,810",-162.00,0.00,0.00,0.00,0.00,-,0.00,"2,648"
J49K77A5,23-05-2019 23:28:12,JEUSGMBD,16-05-2019 14:44:04,USD/JPY （標準） ,-,SELL,1,109.801,109.623,JPY,"1,780",-735.00,0.00,0.00,0.00,0.00,-,0.00,"1,045"
J49R5CAR,23-05-2019 23:28:15,JY8FMWAP,23-05-2019 03:52:03,EUR/JPY （標準） ,-,SELL,1,123.0,122.591,JPY,"4,090",0.00,0.00,0.00,0.00,0.00,-,0.00,"4,090"
J49R5CAR,23-05-2019 23:28:15,JQEHDFAG,20-05-2019 15:19:19,EUR/JPY （標準） ,-,SELL,1,122.801,122.591,JPY,"2,100",6.00,0.00,0.00,0.00,0.00,-,0.00,"2,106"
J49J8NA3,23-05-2019 23:28:19,JY8CYDA4,23-05-2019 03:47:19,AUD/JPY （標準） ,-,SELL,1,75.8,75.656,JPY,"1,440",0.00,0.00,0.00,0.00,0.00,-,0.00,"1,440"
J9MW4XAX,27-05-2019 06:11:18,JEUY73AV,16-05-2019 10:54:39,USD/JPY （標準） ,-,SELL,1,109.6,109.479,JPY,"1,210",-833.00,0.00,0.00,0.00,0.00,-,0.00,377
KAQQRDA7,27-05-2019 14:30:21,J9QAMAAH,27-05-2019 07:12:37,AUD/JPY （標準） ,-,SELL,1,76.0,75.795,JPY,"2,050",0.00,0.00,0.00,0.00,0.00,-,0.00,"2,050"
KAQAA6A8,27-05-2019 14:30:29,J49Q27AJ,24-05-2019 10:06:14,GBP/USD （標準） ,-,SELL,1,1.27004,1.26688,USD,"3,443",0.00,0.00,0.00,0.00,0.00,-,0.00,"3,443"
KAQYJ2AN,27-05-2019 14:30:36,J49SCVAR,24-05-2019 11:12:46,EUR/JPY （標準） ,-,SELL,1,122.8,122.536,JPY,"2,640",-6.00,0.00,0.00,0.00,0.00,-,0.00,"2,634"
KAQ8ZQAZ,27-05-2019 14:30:59,J4979CBB,24-05-2019 10:08:13,GBP/JPY （標準） ,-,SELL,1,139.201,138.716,JPY,"4,850",0.00,0.00,0.00,0.00,0.00,-,0.00,"4,850"
KEW684A9,28-05-2019 23:31:40,J497EAAG,24-05-2019 01:31:51,EUR/JPY （標準） ,-,SELL,1,122.6,122.088,JPY,"5,120",-17.00,0.00,0.00,0.00,0.00,-,0.00,"5,103"
KEW69CA9,28-05-2019 23:32:00,H63AJHAN,14-05-2019 02:53:15,USD/JPY （標準） ,-,SELL,1,109.601,109.346,JPY,"2,550",-1373.00,0.00,0.00,0.00,0.00,-,0.00,"1,177"
KH39E2A6,29-05-2019 17:05:17,KEXM4RAS,29-05-2019 02:23:25,AUD/JPY （標準） ,-,SELL,1,75.8,75.51,JPY,"2,900",0.00,0.00,0.00,0.00,0.00,-,0.00,"2,900"
KH39E2A6,29-05-2019 17:05:17,J5AKX8A3,24-05-2019 11:05:16,AUD/JPY （標準） ,-,SELL,1,75.8,75.51,JPY,"2,900",-141.00,0.00,0.00,0.00,0.00,-,0.00,"2,759"
KH39FMA6,29-05-2019 17:05:21,KEX6N3A9,29-05-2019 02:23:44,EUR/JPY （標準） ,-,SELL,1,122.201,121.677,JPY,"5,240",0.00,0.00,0.00,0.00,0.00,-,0.00,"5,240"
KH33MKAJ,29-05-2019 17:05:44,KEX4VRBA,29-05-2019 00:22:32,GBP/JPY （標準） ,-,SELL,1,138.408,138.004,JPY,"4,040",0.00,0.00,0.00,0.00,0.00,-,0.00,"4,040"
KMXXT6AU,30-05-2019 23:08:42,KJ6Q5SAH,30-05-2019 05:43:18,AUD/JPY （標準） ,-,SELL,2,76.001,75.754,JPY,"4,940",-92.00,0.00,0.00,0.00,0.00,-,0.00,"4,848"
KMYNUQA5,30-05-2019 23:09:06,KJ6L3AAK,30-05-2019 05:37:28,GBP/JPY （標準） ,-,SELL,1,138.501,138.181,JPY,"3,200",-57.00,0.00,0.00,0.00,0.00,-,0.00,"3,143"
KMYD69A3,30-05-2019 23:09:43,KJ6YRTA8,30-05-2019 05:54:19,EUR/JPY （標準） ,-,SELL,2,122.2,121.999,JPY,"4,020",-10.00,0.00,0.00,0.00,0.00,-,0.00,"4,010"
KNE7HKAV,31-05-2019 03:53:16,KEXTAQBB,29-05-2019 20:34:58,USD/JPY （標準） ,-,SELL,2,109.6,109.241,JPY,"7,180",-728.00,0.00,0.00,0.00,0.00,-,0.00,"6,452"
KNF73EAN,31-05-2019 03:53:50,KH33TKAJ,29-05-2019 17:38:29,EUR/JPY （標準） ,-,SELL,2,121.8,121.643,JPY,"3,140",18.00,0.00,0.00,0.00,0.00,-,0.00,"3,158"
KNGY9JAP,31-05-2019 03:53:52,KH35L9AX,29-05-2019 17:33:11,AUD/JPY （標準） ,-,SELL,2,75.6,75.538,JPY,"1,240",-332.00,0.00,0.00,0.00,0.00,-,0.00,908
KNF42CBA,31-05-2019 03:53:56,8WVNQEAK,04-01-2019 17:08:09,GBP/JPY （標準） ,-,SELL,1,138.002,137.782,JPY,"2,200",-7184.00,0.00,0.00,0.00,0.00,-,0.00,"-4,984"
KNFK4ZAG,31-05-2019 03:54:38,KEX6LYA9,29-05-2019 02:23:23,USD/JPY （標準） ,-,SELL,1,109.4,109.241,JPY,"1,590",-364.00,0.00,0.00,0.00,0.00,-,0.00,"1,226"
KNFZDWA7,31-05-2019 03:54:50,J494FSAT,24-05-2019 15:30:08,AUD/USD （標準） ,-,SELL,1,0.692,0.69146,USD,587,80.00,0.00,0.00,0.00,0.00,-,0.00,667
KQ63U6AG,31-05-2019 16:49:58,8WU5V6AX,04-01-2019 15:31:28,GBP/JPY （標準） ,-,SELL,1,137.501,137.149,JPY,"3,520",-7184.00,0.00,0.00,0.00,0.00,-,0.00,"-3,664"
KQ72GZAR,31-05-2019 16:50:03,KNF6XKAV,31-05-2019 04:52:14,AUD/JPY （標準） ,-,SELL,2,75.606,75.31,JPY,"5,920",0.00,0.00,0.00,0.00,0.00,-,0.00,"5,920"
KQ7BM4AX,31-05-2019 16:50:18,AWE7JVAW,31-01-2019 15:57:43,USD/JPY （標準） ,-,SELL,1,108.8,108.615,JPY,"1,850",-11286.00,0.00,0.00,0.00,0.00,-,0.00,"-9,436"
9QTEZ2A7,03-06-2019 05:56:34,9QSME5AZ,15-01-2019 05:16:07,USD/JPY （標準） ,-,SELL,1,108.602,108.102,JPY,"5,000",-13072.00,0.00,0.00,0.00,0.00,-,0.00,"-8,072"
KXD4HCAR,04-06-2019 03:51:11,8WU6KAAM,04-01-2019 03:34:26,GBP/JPY （標準） ,-,SELL,1,137.001,136.785,JPY,"2,160",-7290.00,0.00,0.00,0.00,0.00,-,0.00,"-5,130"
KXGRLCBB,04-06-2019 05:30:27,9FCVYLAM,10-01-2019 17:49:35,USD/JPY （標準） ,-,SELL,1,108.401,107.951,JPY,"4,500",-13366.00,0.00,0.00,0.00,0.00,-,0.00,"-8,866"
K5TCCFBD,05-06-2019 15:46:39,9FB38MAT,10-01-2019 10:23:31,USD/JPY （標準） ,-,SELL,1,108.2,108.045,JPY,"1,550",-13456.00,0.00,0.00,0.00,0.00,-,0.00,"-11,906"
K5TVGJA5,05-06-2019 15:46:53,K3AAJGA6,05-06-2019 10:16:47,EUR/JPY （標準） ,-,SELL,2,122.2,121.712,JPY,"9,760",0.00,0.00,0.00,0.00,0.00,-,0.00,"9,760"
K5TGTWA9,05-06-2019 15:47:03,K3AH89AR,05-06-2019 09:03:40,EUR/JPY （標準） ,-,SELL,1,122.003,121.706,JPY,"2,970",0.00,0.00,0.00,0.00,0.00,-,0.00,"2,970"
K9SYGGAP,06-06-2019 17:29:25,K3AHBLAX,05-06-2019 19:36:20,USD/JPY （標準） ,-,SELL,2,108.4,108.191,JPY,"4,180",-492.00,0.00,0.00,0.00,0.00,-,0.00,"3,688"
LARYZDAG,07-06-2019 03:04:47,K3A4AAAG,05-06-2019 17:00:17,EUR/USD （標準） ,-,BUY,1,1.12397,1.12728,USD,"3,573",-419.00,0.00,0.00,0.00,0.00,-,0.00,"3,154"
LDBQXRA2,07-06-2019 16:39:26,LAR9LJA3,07-06-2019 11:01:58,USD/JPY （標準） ,-,SELL,2,108.6,108.076,JPY,"10,480",0.00,0.00,0.00,0.00,0.00,-,0.00,"10,480"
LDCET8A8,07-06-2019 16:39:35,LARG5CAS,07-06-2019 08:39:52,GBP/JPY （標準） ,-,SELL,2,138.003,137.736,JPY,"5,340",0.00,0.00,0.00,0.00,0.00,-,0.00,"5,340"
LDCQD4BA,07-06-2019 16:39:55,K3A6EQAK,05-06-2019 02:58:19,EUR/USD （標準） ,-,BUY,1,1.1262,1.13355,USD,"7,905",-419.00,0.00,0.00,0.00,0.00,-,0.00,"7,486"
LQB955AR,13-06-2019 02:28:14,LHT42CA5,11-06-2019 08:24:49,EUR/JPY （標準） ,-,SELL,1,123.001,122.505,JPY,"4,960",17.00,0.00,0.00,0.00,0.00,-,0.00,"4,977"
LQCYYJAX,13-06-2019 02:28:20,LHVH3LA7,11-06-2019 09:30:53,GBP/JPY （標準） ,-,SELL,1,138.009,137.711,JPY,"2,980",-176.00,0.00,0.00,0.00,0.00,-,0.00,"2,804"
LTLFFRAS,14-06-2019 02:31:55,LAQ743A8,07-06-2019 15:38:12,EUR/JPY （標準） ,-,SELL,2,122.501,122.157,JPY,"6,880",10.00,0.00,0.00,0.00,0.00,-,0.00,"6,890"
LTK8LJAQ,14-06-2019 02:32:09,LHVH5PA7,11-06-2019 08:36:22,GBP/USD （標準） ,-,SELL,1,1.27,1.26766,USD,"2,522",286.00,0.00,0.00,0.00,0.00,-,0.00,"2,808"
LVXAV5AX,14-06-2019 16:48:09,LTK3WVA4,14-06-2019 02:37:13,EUR/JPY （標準） ,-,SELL,1,122.135,121.662,JPY,"4,730",0.00,0.00,0.00,0.00,0.00,-,0.00,"4,730"
LVWK9WBB,14-06-2019 16:48:12,LTK32YA4,14-06-2019 02:39:25,GBP/JPY （標準） ,-,SELL,1,137.259,136.657,JPY,"6,020",0.00,0.00,0.00,0.00,0.00,-,0.00,"6,020"
LVWEBZAG,14-06-2019 16:48:16,LTLX4EBA,14-06-2019 02:40:38,AUD/JPY （標準） ,-,SELL,1,74.78,74.543,JPY,"2,370",0.00,0.00,0.00,0.00,0.00,-,0.00,"2,370"
LVW48MA5,14-06-2019 16:48:20,JY7WM4A2,23-05-2019 17:40:02,AUD/USD （標準） ,-,SELL,1,0.69,0.68745,USD,"2,751",278.00,0.00,0.00,0.00,0.00,-,0.00,"3,029"
L4CYDYAQ,18-06-2019 14:17:01,LTLCMSBB,14-06-2019 14:15:59,USD/JPY （標準） ,-,SELL,1,108.501,108.241,JPY,"2,600",-186.00,0.00,0.00,0.00,0.00,-,0.00,"2,414"
L4BY53BA,18-06-2019 14:17:09,LXHX8YA5,17-06-2019 12:31:10,EUR/USD （標準） ,-,SELL,1,1.122,1.1198,USD,"2,369",84.00,0.00,0.00,0.00,0.00,-,0.00,"2,453"
L4CLBXAL,18-06-2019 14:17:13,LXJFP9AU,17-06-2019 13:30:02,EUR/USD （標準） ,-,SELL,1,1.12413,1.11979,USD,"4,674",84.00,0.00,0.00,0.00,0.00,-,0.00,"4,758"
L4CLB7AL,18-06-2019 14:17:17,JY7J7ZAH,23-05-2019 13:37:00,AUD/USD （標準） ,-,SELL,1,0.68802,0.68516,USD,"3,080",303.00,0.00,0.00,0.00,0.00,-,0.00,"3,383"
L4B3VHA5,18-06-2019 14:17:22,LXHERAA7,17-06-2019 12:32:48,EUR/JPY （標準） ,-,SELL,2,122.0,121.207,JPY,"15,860",-10.00,0.00,0.00,0.00,0.00,-,0.00,"15,850"
L9KBJFAP,19-06-2019 23:47:49,LZWPNVAP,18-06-2019 14:56:47,USD/JPY （標準） ,-,SELL,1,108.603,108.103,JPY,"5,000",-345.00,0.00,0.00,0.00,0.00,-,0.00,"4,655"
L9KDDZAV,19-06-2019 23:48:02,L4C46EAX,18-06-2019 14:46:10,EUR/JPY （標準） ,-,SELL,2,121.601,121.444,JPY,"3,140",26.00,0.00,0.00,0.00,0.00,-,0.00,"3,166"
L9KN7VA9,19-06-2019 23:48:13,LZXBX9A2,18-06-2019 14:59:00,AUD/JPY （標準） ,-,SELL,2,74.6,74.456,JPY,"2,880",-296.00,0.00,0.00,0.00,0.00,-,0.00,"2,584"
L9KG8LA8,19-06-2019 23:50:44,L6B4H9AR,19-06-2019 19:05:05,GBP/JPY （標準） ,-,SELL,2,137.003,136.76,JPY,"4,860",-262.00,0.00,0.00,0.00,0.00,-,0.00,"4,598"
9FSSFGA6,20-06-2019 07:12:26,9FCJA8A6,10-01-2019 08:59:02,USD/JPY （標準） ,-,SELL,1,108.0,107.5,JPY,"5,000",-14952.00,0.00,0.00,0.00,0.00,-,0.00,"-9,952"
MDFTTJA4,20-06-2019 23:46:28,L9KPXAA4,20-06-2019 08:54:43,GBP/JPY （標準） ,-,SELL,2,137.0,136.364,JPY,"12,720",-114.00,0.00,0.00,0.00,0.00,-,0.00,"12,606"
MDFM3MA6,20-06-2019 23:46:32,L6C56FAQ,19-06-2019 13:38:57,GBP/JPY （標準） ,-,SELL,2,136.5,136.363,JPY,"2,740",-376.00,0.00,0.00,0.00,0.00,-,0.00,"2,364"
MDF5BSAU,20-06-2019 23:46:40,L4CPPYAW,18-06-2019 14:40:32,EUR/JPY （標準） ,-,SELL,2,121.4,121.204,JPY,"3,920",10.00,0.00,0.00,0.00,0.00,-,0.00,"3,930"
MDF3RXAQ,20-06-2019 23:46:43,L9KKAQAT,20-06-2019 08:27:43,EUR/JPY （標準） ,-,SELL,2,121.6,121.204,JPY,"7,920",-16.00,0.00,0.00,0.00,0.00,-,0.00,"7,904"
MDF9CMAW,20-06-2019 23:46:52,L9KLFDBB,20-06-2019 10:19:58,AUD/JPY （標準） ,-,SELL,2,74.6,74.29,JPY,"6,200",-86.00,0.00,0.00,0.00,0.00,-,0.00,"6,114"
MDFM3PA6,20-06-2019 23:46:55,L4CEQGAZ,18-06-2019 14:43:11,AUD/JPY （標準） ,-,SELL,2,74.405,74.29,JPY,"2,300",-382.00,0.00,0.00,0.00,0.00,-,0.00,"1,918"
MDFDGYAG,20-06-2019 23:47:01,K29787A9,05-06-2019 08:30:36,USD/JPY （標準） ,-,SELL,1,108.2,107.331,JPY,"8,690",-1590.00,0.00,0.00,0.00,0.00,-,0.00,"7,100"
MJTB5WA6,24-06-2019 11:17:57,LQDKLJA8,13-06-2019 13:54:02,EUR/USD （標準） ,-,BUY,1,1.12797,1.13902,USD,"11,804",-971.00,0.00,0.00,0.00,0.00,-,0.00,"10,833"
MJTDV4A4,24-06-2019 11:18:00,LTLP5KAX,14-06-2019 13:30:46,EUR/USD （標準） ,-,BUY,1,1.12499,1.13902,USD,"14,987",-860.00,0.00,0.00,0.00,0.00,-,0.00,"14,127"
MJTF5CAG,24-06-2019 11:18:13,MDLU3HAU,21-06-2019 15:07:48,USD/JPY （標準） ,-,SELL,2,107.602,107.361,JPY,"4,820",-184.00,0.00,0.00,0.00,0.00,-,0.00,"4,636"
MJTF5ZAG,24-06-2019 11:18:35,EDU9EEAM,21-03-2019 14:20:05,EUR/USD （標準） ,-,BUY,1,1.138,1.13906,USD,"1,132",-10430.00,0.00,0.00,0.00,0.00,-,0.00,"-9,298"
MYJJP6AG,28-06-2019 17:04:32,MTK29GAX,27-06-2019 04:32:42,AUD/USD （標準） ,-,BUY,1,0.69941,0.70115,USD,"1,867",-37.00,0.00,0.00,0.00,0.00,-,0.00,"1,830"
M8RGPHAN,03-07-2019 00:12:19,L4C7QNBC,18-06-2019 14:46:20,GBP/JPY （標準） ,-,SELL,2,136.0,135.869,JPY,"2,620",-1686.00,0.00,0.00,0.00,0.00,-,0.00,934
M8RPJXAS,03-07-2019 00:12:21,MP42THA7,26-06-2019 10:06:51,GBP/JPY （標準） ,-,SELL,2,136.5,135.869,JPY,"12,620",-920.00,0.00,0.00,0.00,0.00,-,0.00,"11,700"
M8RVDHAH,03-07-2019 00:12:31,MDKN9BAQ,21-06-2019 15:48:59,EUR/JPY （標準） ,-,SELL,2,122.003,121.765,JPY,"4,760",-286.00,0.00,0.00,0.00,0.00,-,0.00,"4,474"
M8YCLMAT,03-07-2019 02:36:30,MP4CK3BA,26-06-2019 19:30:06,USD/JPY （標準） ,-,SELL,2,107.801,107.581,JPY,"4,400",-1680.00,0.00,0.00,0.00,0.00,-,0.00,"2,720"
NF6RSSBA,05-07-2019 18:38:17,L4CE23AZ,18-06-2019 16:08:28,GBP/USD （標準） ,-,SELL,1,1.255,1.25188,USD,"3,370",1257.00,0.00,0.00,0.00,0.00,-,0.00,"4,627"
NF7BTFAV,05-07-2019 18:38:34,L9KSAJAS,20-06-2019 01:26:56,EUR/USD （標準） ,-,SELL,1,1.125,1.12189,USD,"3,359",1485.00,0.00,0.00,0.00,0.00,-,0.00,"4,844"
NN49ZNAJ,09-07-2019 23:19:41,NHQVQFAQ,08-07-2019 11:04:37,GBP/JPY （標準） ,-,SELL,2,136.0,135.671,JPY,"6,580",-200.00,0.00,0.00,0.00,0.00,-,0.00,"6,380"
NSQS7BAZ,11-07-2019 02:10:40,NPGFRLAQ,10-07-2019 10:06:20,GBP/JPY （標準） ,-,SELL,2,136.0,135.244,JPY,"15,120",-358.00,0.00,0.00,0.00,0.00,-,0.00,"14,762"
NSQS7BAZ,11-07-2019 02:10:40,NBW7CNAK,04-07-2019 03:49:58,GBP/JPY （標準） ,-,SELL,1,135.57,135.244,JPY,"3,260",-388.00,0.00,0.00,0.00,0.00,-,0.00,"2,872"
NWMF7YAU,12-07-2019 03:17:56,NSP9RCAL,11-07-2019 13:38:19,GBP/JPY （標準） ,-,SELL,1,136.002,135.884,JPY,"1,180",-58.00,0.00,0.00,0.00,0.00,-,0.00,"1,122"
NYHANBAY,12-07-2019 17:12:53,NSQY95A3,11-07-2019 13:32:38,EUR/JPY （標準） ,-,SELL,1,122.0,121.61,JPY,"3,900",-12.00,0.00,0.00,0.00,0.00,-,0.00,"3,888"
NYHNXPA4,12-07-2019 17:13:01,NWMKDPAW,12-07-2019 04:49:52,GBP/JPY （標準） ,-,SELL,1,136.002,135.603,JPY,"3,990",0.00,0.00,0.00,0.00,0.00,-,0.00,"3,990"
N3U7CFBB,15-07-2019 16:02:47,NSPZZRAW,11-07-2019 08:36:55,GBP/JPY （標準） ,-,SELL,1,135.501,135.111,JPY,"3,900",-58.00,0.00,0.00,0.00,0.00,-,0.00,"3,842"
N3U6NNA2,15-07-2019 16:02:49,NSQFMDA6,11-07-2019 08:36:56,GBP/JPY （標準） ,-,SELL,1,135.501,135.108,JPY,"3,930",-58.00,0.00,0.00,0.00,0.00,-,0.00,"3,872"
N55AMKA2,16-07-2019 14:22:48,NPGL7ZAP,10-07-2019 06:25:47,GBP/USD （標準） ,-,SELL,1,1.24601,1.24196,USD,"4,361",366.00,0.00,0.00,0.00,0.00,-,0.00,"4,727"
N548NTAG,16-07-2019 14:22:50,NZVQ7EBC,15-07-2019 03:27:43,EUR/JPY （標準） ,-,SELL,1,121.7,121.378,JPY,"3,220",-15.00,0.00,0.00,0.00,0.00,-,0.00,"3,205"
N548NTAG,16-07-2019 14:22:50,MDKUB4BA,21-06-2019 08:50:10,EUR/JPY （標準） ,-,SELL,2,121.602,121.378,JPY,"4,480",-352.00,0.00,0.00,0.00,0.00,-,0.00,"4,128"
PAE6DJA5,17-07-2019 23:31:15,N7PJL5BD,17-07-2019 17:03:13,GBP/JPY （標準） ,-,SELL,2,134.5,134.265,JPY,"4,700",-232.00,0.00,0.00,0.00,0.00,-,0.00,"4,468"
PAFNKZBD,17-07-2019 23:31:33,N4NS8RA5,16-07-2019 13:42:13,USD/JPY （標準） ,-,SELL,1,108.2,107.963,JPY,"2,370",-356.00,0.00,0.00,0.00,0.00,-,0.00,"2,014"
PAE9F7BA,17-07-2019 23:31:38,N7PHM5AY,17-07-2019 09:04:03,EUR/JPY （標準） ,-,SELL,1,121.4,121.221,JPY,"1,790",11.00,0.00,0.00,0.00,0.00,-,0.00,"1,801"
PAFVGAAP,17-07-2019 23:33:15,N7PT4TBB,17-07-2019 02:29:57,GBP/JPY （標準） ,-,SELL,1,134.256,134.237,JPY,190,-116.00,0.00,0.00,0.00,0.00,-,0.00,74
PDY58BA4,18-07-2019 23:19:58,MP5LB2AX,26-06-2019 10:06:47,USD/JPY （標準） ,-,SELL,2,107.602,107.361,JPY,"4,820",-5090.00,0.00,0.00,0.00,0.00,-,0.00,-270
PD2N4QAJ,18-07-2019 23:20:01,NZU9ZJBB,15-07-2019 03:27:02,USD/JPY （標準） ,-,SELL,1,108.0,107.378,JPY,"6,220",-562.00,0.00,0.00,0.00,0.00,-,0.00,"5,658"
PD2CENAX,18-07-2019 23:20:59,NBW95XAN,04-07-2019 09:31:39,AUD/USD （標準） ,-,BUY,1,0.702,0.70683,USD,"5,162",-573.00,0.00,0.00,0.00,0.00,-,0.00,"4,589"
PGWRE6A8,19-07-2019 18:49:46,PD22YFBA,19-07-2019 11:46:26,GBP/JPY （標準） ,-,SELL,1,135.0,134.721,JPY,"2,790",0.00,0.00,0.00,0.00,0.00,-,0.00,"2,790"
PGWBLNAZ,19-07-2019 18:49:49,PDZQQUAU,18-07-2019 23:22:53,EUR/JPY （標準） ,-,SELL,1,121.025,120.948,JPY,770,0.00,0.00,0.00,0.00,0.00,-,0.00,770
PGWBLNAZ,19-07-2019 18:49:49,PDZ269BB,19-07-2019 07:09:16,EUR/JPY （標準） ,-,SELL,1,121.2,120.948,JPY,"2,520",0.00,0.00,0.00,0.00,0.00,-,0.00,"2,520"
PLZ8ZTAS,23-07-2019 02:08:05,PJDRNEBD,22-07-2019 03:42:35,GBP/JPY （標準） ,-,SELL,1,135.012,134.698,JPY,"3,140",-48.00,0.00,0.00,0.00,0.00,-,0.00,"3,092"
PLZ6T6AZ,23-07-2019 02:08:51,PJDJUYA3,22-07-2019 03:41:02,EUR/JPY （標準） ,-,SELL,1,121.075,120.963,JPY,"1,120",0.00,0.00,0.00,0.00,0.00,-,0.00,"1,120"
PP76GSAY,24-07-2019 01:48:29,NLGZMXA5,09-07-2019 04:10:48,EUR/USD （標準） ,-,SELL,1,1.12119,1.11473,USD,"6,956",1395.00,0.00,0.00,0.00,0.00,-,0.00,"8,351"
PP8DPHAP,24-07-2019 01:48:32,NPJGTPAT,10-07-2019 09:10:42,EUR/USD （標準） ,-,SELL,1,1.12202,1.11473,USD,"7,850",1302.00,0.00,0.00,0.00,0.00,-,0.00,"9,152"
PP7AKTA9,24-07-2019 01:48:41,PL2P6YAW,23-07-2019 02:09:40,EUR/JPY （標準） ,-,SELL,1,120.996,120.64,JPY,"3,560",-1.00,0.00,0.00,0.00,0.00,-,0.00,"3,559"
PW3HVWAL,26-07-2019 00:32:08,PTFPQ8BB,25-07-2019 14:49:29,GBP/JPY （標準） ,-,SELL,1,135.501,135.321,JPY,"1,800",-51.00,0.00,0.00,0.00,0.00,-,0.00,"1,749"
PY82FNAQ,26-07-2019 16:44:17,GSN5DKAS,26-04-2019 02:15:35,EUR/USD （標準） ,-,SELL,1,1.113,1.11178,USD,"1,320",8502.00,0.00,0.00,0.00,0.00,-,0.00,"9,822"
PY82FNAQ,26-07-2019 16:44:17,GSNULFAU,26-04-2019 02:07:49,EUR/USD （標準） ,-,SELL,1,1.11288,1.11178,USD,"1,190",8502.00,0.00,0.00,0.00,0.00,-,0.00,"9,692"
PY82FNAQ,26-07-2019 16:44:17,PTFQQCAN,25-07-2019 11:18:40,EUR/USD （標準） ,-,SELL,1,1.114,1.11178,USD,"2,402",86.00,0.00,0.00,0.00,0.00,-,0.00,"2,488"
PY8T2ZAH,26-07-2019 16:44:23,N7PHQ2AY,17-07-2019 02:30:55,GBP/USD （標準） ,-,SELL,1,1.2413,1.23806,USD,"3,505",647.00,0.00,0.00,0.00,0.00,-,0.00,"4,152"
PY8XE2AG,26-07-2019 16:44:39,PTFC2XAS,25-07-2019 14:29:30,EUR/JPY （標準） ,-,SELL,1,121.003,120.867,JPY,"1,360",-4.00,0.00,0.00,0.00,0.00,-,0.00,"1,356"
PY8U5ZAZ,26-07-2019 16:44:49,MP4T45BD,26-06-2019 10:07:40,AUD/JPY （標準） ,-,SELL,2,75.202,75.079,JPY,"2,460",-2764.00,0.00,0.00,0.00,0.00,-,0.00,-304
P2MAPQBD,29-07-2019 01:52:40,PAE7CVAR,18-07-2019 09:30:10,GBP/JPY （標準） ,-,SELL,2,134.5,134.306,JPY,"3,880",-834.00,0.00,0.00,0.00,0.00,-,0.00,"3,046"
P2LMD2AU,29-07-2019 01:52:43,PL2NDUAX,23-07-2019 02:10:31,GBP/JPY （標準） ,-,SELL,1,134.675,134.307,JPY,"3,680",-268.00,0.00,0.00,0.00,0.00,-,0.00,"3,412"
P5D8T5AN,30-07-2019 00:11:27,PAFGY6AN,17-07-2019 23:32:13,GBP/JPY （標準） ,-,SELL,1,134.232,133.04,JPY,"11,920",-466.00,0.00,0.00,0.00,0.00,-,0.00,"11,454"
P88YLRBA,31-07-2019 02:43:58,MP43LSAR,26-06-2019 08:26:56,AUD/JPY （標準） ,-,SELL,2,75.0,74.769,JPY,"4,620",-2914.00,0.00,0.00,0.00,0.00,-,0.00,"1,706"
P87SGVAK,31-07-2019 02:44:03,P5KMLMAX,30-07-2019 02:44:52,AUD/USD （標準） ,-,SELL,1,0.69,0.68882,USD,"1,274",16.00,0.00,0.00,0.00,0.00,-,0.00,"1,290"
QC3GRDAQ,01-08-2019 00:10:38,P2TCKCA9,29-07-2019 05:08:35,EUR/USD （標準） ,-,SELL,1,1.11278,1.10765,USD,"5,553",461.00,0.00,0.00,0.00,0.00,-,0.00,"6,014"
QC3GRDAQ,01-08-2019 00:10:38,P2TXQBAT,29-07-2019 16:57:32,EUR/USD （標準） ,-,SELL,1,1.114,1.10765,USD,"6,874",461.00,0.00,0.00,0.00,0.00,-,0.00,"7,335"
QC3GRDAQ,01-08-2019 00:10:38,P5KPLMA6,30-07-2019 11:06:02,EUR/USD （標準） ,-,SELL,1,1.115,1.10765,USD,"7,956",355.00,0.00,0.00,0.00,0.00,-,0.00,"8,311"
QC23J5A4,01-08-2019 00:10:44,PTETUBAR,25-07-2019 14:02:13,EUR/JPY （標準） ,-,SELL,1,120.801,120.495,JPY,"3,060",-8.00,0.00,0.00,0.00,0.00,-,0.00,"3,052"
QC23J5A4,01-08-2019 00:10:44,P2S5B8AV,29-07-2019 15:53:55,EUR/JPY （標準） ,-,SELL,1,121.0,120.495,JPY,"5,050",-3.00,0.00,0.00,0.00,0.00,-,0.00,"5,047"
QC23J5A4,01-08-2019 00:10:44,PP8YN6AR,24-07-2019 01:51:25,EUR/JPY （標準） ,-,SELL,1,120.574,120.495,JPY,790,6.00,0.00,0.00,0.00,0.00,-,0.00,796
QC2WH8BC,01-08-2019 00:10:49,P88EPBAR,31-07-2019 14:17:40,GBP/JPY （標準） ,-,SELL,1,132.5,132.201,JPY,"2,990",-122.00,0.00,0.00,0.00,0.00,-,0.00,"2,868"
QC2WH8BC,01-08-2019 00:10:49,P88H55A5,31-07-2019 14:17:40,GBP/JPY （標準） ,-,SELL,1,132.5,132.201,JPY,"2,990",-122.00,0.00,0.00,0.00,0.00,-,0.00,"2,868"
QC3GRWAQ,01-08-2019 00:10:59,L4DLARAM,18-06-2019 16:24:40,AUD/USD （標準） ,-,SELL,1,0.68803,0.68473,USD,"3,572",819.00,0.00,0.00,0.00,0.00,-,0.00,"4,391"
QC2WJ2BC,01-08-2019 00:11:12,P88G3HA6,31-07-2019 14:19:50,GBP/USD （標準） ,-,SELL,1,1.22002,1.21516,USD,"5,260",164.00,0.00,0.00,0.00,0.00,-,0.00,"5,424"
QF8S5HAJ,01-08-2019 17:12:59,QDBZX6AX,01-08-2019 02:26:15,EUR/JPY （標準） ,-,SELL,1,120.615,119.726,JPY,"8,890",0.00,0.00,0.00,0.00,0.00,-,0.00,"8,890"
QF87MJAS,01-08-2019 17:13:02,QDCCCSAY,01-08-2019 02:28:17,GBP/JPY （標準） ,-,SELL,1,132.363,131.415,JPY,"9,480",0.00,0.00,0.00,0.00,0.00,-,0.00,"9,480"
QF87MJAS,01-08-2019 17:13:02,QDCFC5BC,01-08-2019 02:57:42,GBP/JPY （標準） ,-,SELL,1,132.503,131.415,JPY,"10,880",0.00,0.00,0.00,0.00,0.00,-,0.00,"10,880"
QHWP3PA8,01-08-2019 23:08:36,L4CRMNA8,18-06-2019 14:39:48,AUD/JPY （標準） ,-,SELL,2,74.201,72.944,JPY,"25,140",-3822.00,0.00,0.00,0.00,0.00,-,0.00,"21,318"
QHWSLAAP,01-08-2019 23:08:46,PLZ439AV,23-07-2019 10:18:16,USD/JPY （標準） ,-,SELL,1,108.2,107.345,JPY,"8,550",-1075.00,0.00,0.00,0.00,0.00,-,0.00,"7,475"
QHWSLAAP,01-08-2019 23:08:46,PD2JAPBC,18-07-2019 23:21:22,USD/JPY （標準） ,-,SELL,1,107.401,107.345,JPY,560,-1261.00,0.00,0.00,0.00,0.00,-,0.00,-701
QHWSLAAP,01-08-2019 23:08:46,PDZ8EHA2,19-07-2019 19:10:48,USD/JPY （標準） ,-,SELL,1,107.905,107.345,JPY,"5,600",-1261.00,0.00,0.00,0.00,0.00,-,0.00,"4,339"
QHWSLAAP,01-08-2019 23:08:46,PD2U46BB,19-07-2019 07:46:03,USD/JPY （標準） ,-,SELL,1,107.7,107.345,JPY,"3,550",-1261.00,0.00,0.00,0.00,0.00,-,0.00,"2,289"
QHWSLAAP,01-08-2019 23:08:46,PDZ4VUAT,19-07-2019 19:09:34,USD/JPY （標準） ,-,SELL,1,107.802,107.345,JPY,"4,570",-1261.00,0.00,0.00,0.00,0.00,-,0.00,"3,309"
QHWSLAAP,01-08-2019 23:08:46,PDZ2YTBB,18-07-2019 23:24:28,USD/JPY （標準） ,-,SELL,1,107.6,107.345,JPY,"2,550",-1261.00,0.00,0.00,0.00,0.00,-,0.00,"1,289"
QHWSLAAP,01-08-2019 23:08:46,MLJUHHAK,25-06-2019 18:24:56,USD/JPY （標準） ,-,SELL,2,107.4,107.345,JPY,"1,100",-7802.00,0.00,0.00,0.00,0.00,-,0.00,"-6,702"
QHWQSFAJ,01-08-2019 23:08:52,QDCDR9AU,01-08-2019 15:55:01,GBP/USD （標準） ,-,SELL,1,1.21507,1.21177,USD,"3,524",46.00,0.00,0.00,0.00,0.00,-,0.00,"3,570"
QHWQSFAJ,01-08-2019 23:08:52,QDDCTEAN,01-08-2019 02:36:30,GBP/USD （標準） ,-,SELL,1,1.21246,1.21177,USD,737,46.00,0.00,0.00,0.00,0.00,-,0.00,783
QHWG2JAG,01-08-2019 23:08:55,QDDQU4BC,01-08-2019 02:38:21,AUD/USD （標準） ,-,SELL,1,0.6846,0.67962,USD,"5,319",13.00,0.00,0.00,0.00,0.00,-,0.00,"5,332"
RL8XA2AY,13-08-2019 01:21:42,RHD6BXBB,12-08-2019 15:01:17,GBP/JPY （標準） ,-,SELL,1,127.503,127.37,JPY,"1,330",-55.00,0.00,0.00,0.00,0.00,-,0.00,"1,275"
SB96PVA6,19-08-2019 23:18:26,QPQYCYAZ,05-08-2019 10:31:51,EUR/JPY （標準） ,-,SELL,1,118.401,118.114,JPY,"2,870",-2.00,0.00,0.00,0.00,0.00,-,0.00,"2,868"
SB9YU2A2,19-08-2019 23:18:35,QMQKPUAJ,02-08-2019 17:17:11,GBP/JPY （標準） ,-,SELL,1,129.501,129.269,JPY,"2,320",-739.00,0.00,0.00,0.00,0.00,-,0.00,"1,581"
SB97FKA4,19-08-2019 23:18:37,QV47DWAK,06-08-2019 05:07:02,GBP/JPY （標準） ,-,SELL,1,130.048,129.256,JPY,"7,920",-631.00,0.00,0.00,0.00,0.00,-,0.00,"7,289"
SB95LAAR,19-08-2019 23:18:40,Q28ESZAQ,07-08-2019 08:20:28,GBP/JPY （標準） ,-,SELL,1,129.502,129.269,JPY,"2,330",-577.00,0.00,0.00,0.00,0.00,-,0.00,"1,753"
SCACA2A5,19-08-2019 23:18:52,QV47SKAP,06-08-2019 05:07:02,USD/JPY （標準） ,-,SELL,1,107.035,106.58,JPY,"4,550",-1101.00,0.00,0.00,0.00,0.00,-,0.00,"3,449"
SB9LLMAL,19-08-2019 23:18:54,QV46SUAK,06-08-2019 05:06:12,USD/JPY （標準） ,-,SELL,1,106.8,106.58,JPY,"2,200",-1101.00,0.00,0.00,0.00,0.00,-,0.00,"1,099"
SB96QDA6,19-08-2019 23:19:05,Q8NCX9BC,08-08-2019 14:43:44,AUD/USD （標準） ,-,SELL,1,0.68003,0.67683,USD,"3,393",125.00,0.00,0.00,0.00,0.00,-,0.00,"3,518"
SB9YU5A2,19-08-2019 23:19:13,QV6CSEA4,06-08-2019 05:06:48,AUD/JPY （標準） ,-,SELL,1,72.602,72.128,JPY,"4,740",-459.00,0.00,0.00,0.00,0.00,-,0.00,"4,281"
SB9RAQAN,19-08-2019 23:19:16,QV472JAP,06-08-2019 05:02:15,AUD/JPY （標準） ,-,SELL,1,72.4,72.128,JPY,"2,720",-459.00,0.00,0.00,0.00,0.00,-,0.00,"2,261"
SDS9E8A7,20-08-2019 12:23:02,QPQ5RVAH,05-08-2019 02:57:37,EUR/JPY （標準） ,-,SELL,1,118.001,117.83,JPY,"1,710",-2.00,0.00,0.00,0.00,0.00,-,0.00,"1,708"
SDS9E8A7,20-08-2019 12:23:02,QPRQ3CA3,05-08-2019 10:25:46,EUR/JPY （標準） ,-,SELL,1,118.201,117.83,JPY,"3,710",-2.00,0.00,0.00,0.00,0.00,-,0.00,"3,708"
SDTCRCBA,20-08-2019 12:23:10,QV4REBBA,06-08-2019 05:01:51,USD/JPY （標準） ,-,SELL,1,106.6,106.319,JPY,"2,810",-1101.00,0.00,0.00,0.00,0.00,-,0.00,"1,709"
SDTPBEAV,20-08-2019 12:23:24,QTMWP7AX,05-08-2019 17:02:17,GBP/JPY （標準） ,-,SELL,1,128.961,128.373,JPY,"5,880",-685.00,0.00,0.00,0.00,0.00,-,0.00,"5,195"
SDTNR5BD,20-08-2019 12:24:17,RL9NGZA4,13-08-2019 14:55:51,GBP/JPY （標準） ,-,SELL,1,128.507,128.343,JPY,"1,640",-315.00,0.00,0.00,0.00,0.00,-,0.00,"1,325"
SFSKEVAY,20-08-2019 23:05:06,SDUBQZA4,20-08-2019 14:57:32,GBP/JPY （標準） ,-,SELL,1,129.55,129.331,JPY,"2,190",-49.00,0.00,0.00,0.00,0.00,-,0.00,"2,141"
SFSVQ7AJ,20-08-2019 23:05:20,QV38V2AZ,06-08-2019 04:52:42,USD/JPY （標準） ,-,SELL,1,106.401,106.265,JPY,"1,360",-1178.00,0.00,0.00,0.00,0.00,-,0.00,182
SFSWRKBA,20-08-2019 23:06:00,QV548HAW,06-08-2019 02:30:26,AUD/JPY （標準） ,-,SELL,1,72.201,72.006,JPY,"1,950",-490.00,0.00,0.00,0.00,0.00,-,0.00,"1,460"
SSQNV7A5,23-08-2019 17:03:09,Q279NCAS,07-08-2019 06:20:28,USD/JPY （標準） ,-,SELL,1,106.206,105.426,JPY,"7,800",-1388.00,0.00,0.00,0.00,0.00,-,0.00,"6,412"
SSQNV7A5,23-08-2019 17:03:09,QPQYKHA9,05-08-2019 10:29:29,USD/JPY （標準） ,-,SELL,1,106.2,105.426,JPY,"7,740",-1557.00,0.00,0.00,0.00,0.00,-,0.00,"6,183"
SSQNV7A5,23-08-2019 17:03:09,RFH9MDA7,09-08-2019 17:55:38,USD/JPY （標準） ,-,SELL,1,105.603,105.426,JPY,"1,770",-1018.00,0.00,0.00,0.00,0.00,-,0.00,752
SSQNV7A5,23-08-2019 17:03:09,SFR28MAK,21-08-2019 03:13:33,USD/JPY （標準） ,-,SELL,1,106.501,105.426,JPY,"10,750",-293.00,0.00,0.00,0.00,0.00,-,0.00,"10,457"
SSQNV7A5,23-08-2019 17:03:09,RL9ZURAP,13-08-2019 14:46:45,USD/JPY （標準） ,-,SELL,1,106.0,105.426,JPY,"5,740",-930.00,0.00,0.00,0.00,0.00,-,0.00,"4,810"
SSQNV7A5,23-08-2019 17:03:09,RL9LHGAS,13-08-2019 14:45:46,USD/JPY （標準） ,-,SELL,1,105.6,105.426,JPY,"1,740",-930.00,0.00,0.00,0.00,0.00,-,0.00,810
SSQNV7A5,23-08-2019 17:03:09,RCFKCNAX,09-08-2019 02:07:53,USD/JPY （標準） ,-,SELL,1,106.0,105.426,JPY,"5,740",-1018.00,0.00,0.00,0.00,0.00,-,0.00,"4,722"
SSRHM7A8,23-08-2019 17:03:14,RL9UL7AR,13-08-2019 14:50:16,AUD/JPY （標準） ,-,SELL,1,72.003,71.146,JPY,"8,570",-373.00,0.00,0.00,0.00,0.00,-,0.00,"8,197"
SSRHM7A8,23-08-2019 17:03:14,QV48XFA6,06-08-2019 02:20:25,AUD/JPY （標準） ,-,SELL,1,72.043,71.146,JPY,"8,970",-600.00,0.00,0.00,0.00,0.00,-,0.00,"8,370"
SSRHM7A8,23-08-2019 17:03:14,RMAJZKA9,13-08-2019 14:45:44,AUD/JPY （標準） ,-,SELL,1,71.5,71.146,JPY,"3,540",-373.00,0.00,0.00,0.00,0.00,-,0.00,"3,167"
SSRHM7A8,23-08-2019 17:03:14,Q28C5VAU,07-08-2019 09:09:54,AUD/JPY （標準） ,-,SELL,1,71.5,71.146,JPY,"3,540",-564.00,0.00,0.00,0.00,0.00,-,0.00,"2,976"
SSREGVA4,23-08-2019 17:03:18,SDUBXXA4,20-08-2019 15:14:27,EUR/JPY （標準） ,-,SELL,1,118.001,117.419,JPY,"5,820",6.00,0.00,0.00,0.00,0.00,-,0.00,"5,826"
SSRV8CBD,23-08-2019 17:03:22,Q28UW2BC,07-08-2019 15:34:17,AUD/USD （標準） ,-,SELL,1,0.67501,0.67487,USD,147,234.00,0.00,0.00,0.00,0.00,-,0.00,381
TJL7CZA5,30-08-2019 17:24:20,SXTCDFA2,26-08-2019 08:02:11,EUR/JPY （標準） ,-,SELL,1,117.808,116.836,JPY,"9,720",16.00,0.00,0.00,0.00,0.00,-,0.00,"9,736"
TJL7CZA5,30-08-2019 17:24:20,SXSQH7AR,26-08-2019 04:04:56,EUR/JPY （標準） ,-,SELL,1,117.459,116.836,JPY,"6,230",16.00,0.00,0.00,0.00,0.00,-,0.00,"6,246"
TJL7CZA5,30-08-2019 17:24:20,SXSYQ5AQ,26-08-2019 13:57:15,EUR/JPY （標準） ,-,SELL,1,118.0,116.836,JPY,"11,640",16.00,0.00,0.00,0.00,0.00,-,0.00,"11,656"
TJNA8VAU,30-08-2019 17:24:31,QDCLK2A7,01-08-2019 18:37:04,EUR/USD （標準） ,-,SELL,1,1.10803,1.09877,USD,"9,797",2266.00,0.00,0.00,0.00,0.00,-,0.00,"12,063"
TJNA8VAU,30-08-2019 17:24:31,QDCFM6BC,01-08-2019 15:22:03,EUR/USD （標準） ,-,SELL,1,1.10602,1.09877,USD,"7,671",2266.00,0.00,0.00,0.00,0.00,-,0.00,"9,937"
TJNA8VAU,30-08-2019 17:24:31,QDDU8NAW,01-08-2019 02:33:09,EUR/USD （標準） ,-,SELL,1,1.10453,1.09877,USD,"6,094",2266.00,0.00,0.00,0.00,0.00,-,0.00,"8,360"
TJMUHEAM,30-08-2019 17:24:39,SXTT4DA7,26-08-2019 08:02:14,GBP/JPY （標準） ,-,SELL,1,130.003,129.398,JPY,"6,050",-274.00,0.00,0.00,0.00,0.00,-,0.00,"5,776"
TJMK4WA9,30-08-2019 17:24:54,SXTGHMAM,26-08-2019 13:57:15,AUD/JPY （標準） ,-,SELL,1,71.806,71.548,JPY,"2,580",-164.00,0.00,0.00,0.00,0.00,-,0.00,"2,416"
TJMNTXAY,30-08-2019 17:24:57,SXS5WYAL,26-08-2019 09:42:29,AUD/JPY （標準） ,-,SELL,1,71.6,71.547,JPY,530,-164.00,0.00,0.00,0.00,0.00,-,0.00,366
TTCSQHAN,04-09-2019 02:22:02,SXTK9PAK,26-08-2019 13:57:25,USD/JPY （標準） ,-,SELL,1,106.401,105.946,JPY,"4,550",-720.00,0.00,0.00,0.00,0.00,-,0.00,"3,830"
TTCV72AY,04-09-2019 02:22:05,SXSXLHA4,26-08-2019 13:57:15,USD/JPY （標準） ,-,SELL,1,106.212,105.947,JPY,"2,650",-720.00,0.00,0.00,0.00,0.00,-,0.00,"1,930"
TTC7Z3BB,04-09-2019 02:22:22,SDTUJUAH,20-08-2019 14:57:04,GBP/JPY （標準） ,-,SELL,1,129.018,128.133,JPY,"8,850",-668.00,0.00,0.00,0.00,0.00,-,0.00,"8,182"
TTC932A8,04-09-2019 02:22:25,SXSYN4AQ,26-08-2019 04:03:35,GBP/JPY （標準） ,-,SELL,1,129.363,128.132,JPY,"12,310",-417.00,0.00,0.00,0.00,0.00,-,0.00,"11,893"
VFWHZDAP,23-09-2019 15:09:03,TTCS2DAN,04-09-2019 15:21:32,EUR/USD （標準） ,-,SELL,1,1.10251,1.0987,USD,"4,073",1534.00,0.00,0.00,0.00,0.00,-,0.00,"5,607"
VFWUGGAH,23-09-2019 15:09:46,VDJZB4AL,23-09-2019 02:24:06,AUD/JPY （標準） ,-,SELL,1,73.0,72.707,JPY,"2,930",0.00,0.00,0.00,0.00,0.00,-,0.00,"2,930"
VRDJP7AN,26-09-2019 00:07:20,TTDFP8AU,04-09-2019 09:49:59,EUR/USD （標準） ,-,SELL,1,1.10003,1.09499,USD,"5,402",1928.00,0.00,0.00,0.00,0.00,-,0.00,"7,330"
VRDJP7AN,26-09-2019 00:07:20,VG6CHLA8,24-09-2019 15:04:07,EUR/USD （標準） ,-,SELL,1,1.10101,1.09499,USD,"6,453",319.00,0.00,0.00,0.00,0.00,-,0.00,"6,772"
VRDJP7AN,26-09-2019 00:07:20,TTCNRJAK,04-09-2019 02:24:43,EUR/USD （標準） ,-,SELL,1,1.09779,1.09499,USD,"3,001",1928.00,0.00,0.00,0.00,0.00,-,0.00,"4,929"
VRD6VVAG,26-09-2019 00:07:31,VDJRNEAH,23-09-2019 04:31:08,AUD/USD （標準） ,-,SELL,1,0.678,0.67538,USD,"2,808",103.00,0.00,0.00,0.00,0.00,-,0.00,"2,911"
VRD6VVAG,26-09-2019 00:07:31,VG6ETJAS,24-09-2019 11:08:28,AUD/USD （標準） ,-,SELL,1,0.68001,0.67538,USD,"4,963",87.00,0.00,0.00,0.00,0.00,-,0.00,"5,050"
VRKDWYAL,26-09-2019 02:06:09,VG6W9VA4,24-09-2019 05:50:07,AUD/JPY （標準） ,-,SELL,1,73.009,72.713,JPY,"2,960",-91.00,0.00,0.00,0.00,0.00,-,0.00,"2,869"
VVCNU6AJ,27-09-2019 00:05:23,VRKWBFA5,26-09-2019 13:27:49,AUD/USD （標準） ,-,SELL,1,0.678,0.67501,USD,"3,208",18.00,0.00,0.00,0.00,0.00,-,0.00,"3,226"
V3YQGPAG,30-09-2019 13:31:47,VVNZ5CAM,27-09-2019 16:08:27,EUR/USD （標準） ,-,SELL,1,1.09506,1.08916,USD,"6,344",77.00,0.00,0.00,0.00,0.00,-,0.00,"6,421"
V3YQGPAG,30-09-2019 13:31:47,VVQVM8AQ,27-09-2019 04:08:09,EUR/USD （標準） ,-,SELL,1,1.09206,1.08916,USD,"3,118",77.00,0.00,0.00,0.00,0.00,-,0.00,"3,195"
V3YDWWBB,30-09-2019 13:31:53,VVQERLAT,27-09-2019 15:07:03,AUD/USD （標準） ,-,SELL,1,0.677,0.67517,USD,"1,968",15.00,0.00,0.00,0.00,0.00,-,0.00,"1,983"
V3YDWWBB,30-09-2019 13:31:53,VRKYZMAX,26-09-2019 04:32:37,AUD/USD （標準） ,-,SELL,1,0.676,0.67517,USD,893,33.00,0.00,0.00,0.00,0.00,-,0.00,926
V3YPSKA5,30-09-2019 13:32:01,VVPVQ5AK,27-09-2019 15:35:20,AUD/JPY （標準） ,-,SELL,1,73.25,72.967,JPY,"2,830",-37.00,0.00,0.00,0.00,0.00,-,0.00,"2,793"
V3YDXZBB,30-09-2019 13:32:07,VVNQB3BC,27-09-2019 11:42:43,AUD/JPY （標準） ,-,SELL,1,73.003,72.968,JPY,350,-37.00,0.00,0.00,0.00,0.00,-,0.00,313
V3YLK8AW,30-09-2019 13:32:17,VVN7USAS,27-09-2019 09:07:27,EUR/JPY （標準） ,-,SELL,1,117.8,117.682,JPY,"1,180",-6.00,0.00,0.00,0.00,0.00,-,0.00,"1,174"